Primary Geography ID,Primary Geography NameCol,Other Geography ID,Other Geography NameCol,Primary Area (sq ft),Intersection Area (sq ft),Percentage Overlap
ibz,North Brooklyn,pp,90,40950515.20696983,16068739.549218874,39.239407533715124
ibz,North Brooklyn,pp,94,40950515.20696983,23137398.251195986,56.50087217280717
ibz,North Brooklyn,pp,83,40950515.20696983,493960.8225443829,1.2062383587796965
ibz,North Brooklyn,fb,35,40950515.20696983,15394723.277879313,37.59347886118686
ibz,North Brooklyn,fb,28,40950515.20696983,24303123.92168648,59.347541291861596
ibz,North Brooklyn,sd,14,40950515.20696983,37293392.860990375,91.06941065943658
ibz,North Brooklyn,sd,32,40950515.20696983,2404454.3385754027,5.871609493611845
ibz,North Brooklyn,cd,301,40950515.20696983,39203886.38319331,95.73478180934035
ibz,North Brooklyn,cd,304,40950515.20696983,493960.81637253024,1.206238343708207
ibz,North Brooklyn,dsny,BKN01,40950515.20696983,39215306.66382782,95.76266981166901
ibz,North Brooklyn,dsny,BKN04,40950515.20696983,502802.83674703684,1.2278303073985726
ibz,North Brooklyn,hc,30,40950515.20696983,39203886.38319331,95.73478180934035
ibz,North Brooklyn,hc,34,40950515.20696983,493960.81637253024,1.206238343708207
ibz,North Brooklyn,cc_upcoming,33,40950515.20696983,12863456.713175988,31.41219749779024
ibz,North Brooklyn,cc_upcoming,34,40950515.20696983,26839418.060695607,65.54109984952645
ibz,North Brooklyn,cc,33,40950515.20696983,14088415.002996933,34.40351099807181
ibz,North Brooklyn,cc,34,40950515.20696983,25614685.416007,62.55033736827651
ibz,North Brooklyn,nycongress,7,40950515.20696983,39702874.7738715,96.95329734731645
ibz,North Brooklyn,sa,50,40950515.20696983,17222775.40368759,42.05753045264801
ibz,North Brooklyn,sa,53,40950515.20696983,22475071.79587818,54.88348970040039
ibz,North Brooklyn,ss,59,40950515.20696983,9555708.196961973,23.334769168754143
ibz,North Brooklyn,ss,18,40950515.20696983,30147166.5729258,73.61852816883416
ibz,North Brooklyn,nta,Greenpoint,40950515.20696983,12853730.269574033,31.388445797591118
ibz,North Brooklyn,nta,Bushwick North,40950515.20696983,2148201.6481066635,5.245847670656502
ibz,North Brooklyn,nta,Bushwick South,40950515.20696983,3517359.196011423,8.589291681030582
ibz,North Brooklyn,nta,East Williamsburg,40950515.20696983,21178556.085873686,51.717435003770284
ibz,North Brooklyn,zipcode,11206,40950515.20696983,3750801.408095448,9.159350960881333
ibz,North Brooklyn,zipcode,11211,40950515.20696983,11004928.529732523,26.873724235487696
ibz,North Brooklyn,zipcode,11222,40950515.20696983,17523137.76892287,42.79100685390256
ibz,North Brooklyn,zipcode,11237,40950515.20696983,8590220.387532795,20.977075243416543
ibz,Zerega,pp,43,11900187.455545066,7081199.584205195,59.5049415033005
ibz,Zerega,pp,45,11900187.455545066,4154932.3936345563,34.91484826735653
ibz,Zerega,fb,3,11900187.455545066,8817387.582651123,74.09452679287445
ibz,Zerega,fb,20,11900187.455545066,2418844.2206901084,20.326101834328774
ibz,Zerega,sd,8,11900187.455545066,9499675.528416077,79.82794862604928
ibz,Zerega,sd,11,11900187.455545066,1736556.2749251525,14.592680001153921
ibz,Zerega,cd,209,11900187.455545066,7081199.584205195,59.5049415033005
ibz,Zerega,cd,210,11900187.455545066,4154932.3923127404,34.914848256249016
ibz,Zerega,dsny,BX09,11900187.455545066,7080980.695379969,59.50310213038268
ibz,Zerega,dsny,BX10,11900187.455545066,4149875.406780322,34.872353248911445
ibz,Zerega,hc,26,11900187.455545066,11236231.803341232,94.42062862720323
ibz,Zerega,cc_upcoming,18,11900187.455545066,8817656.032307059,74.09678263680077
ibz,Zerega,cc_upcoming,13,11900187.455545066,2418575.771034173,20.323845990402468
ibz,Zerega,cc,18,11900187.455545066,5268611.143358841,44.273345802665105
ibz,Zerega,cc,13,11900187.455545066,5967620.659982393,50.14728282453813
ibz,Zerega,nycongress,14,11900187.455545066,11236231.803341232,94.42062862720323
ibz,Zerega,sa,87,11900187.455545066,7554850.031626644,63.485134665726214
ibz,Zerega,sa,82,11900187.455545066,3681304.9206593884,30.934848164463414
ibz,Zerega,ss,34,11900187.455545066,11236231.803341232,94.42062862720323
ibz,Zerega,nta,Soundview-Castle Hill-Clason Point-Harding Park,11900187.455545066,6150876.891471045,51.68722689830364
ibz,Zerega,nta,Westchester-Unionport,11900187.455545066,5078453.5647011595,42.67540812842221
ibz,Zerega,zipcode,10473,11900187.455545066,4325974.989830046,36.352158367171725
ibz,Zerega,zipcode,10461,11900187.455545066,1735542.8447072024,14.58416391498523
ibz,Zerega,zipcode,10462,11900187.455545066,2818147.450564199,23.68153830426463
ibz,Zerega,zipcode,10465,11900187.455545066,2470599.62125996,20.761014315860614
ibz,Ridgewood,pp,83,1895600.8182657757,247798.0123735305,13.07226764125545
ibz,Ridgewood,pp,104,1895600.8182657757,1647802.8058922442,86.9277323587445
ibz,Ridgewood,fb,51,1895600.8182657757,1647802.8084645919,86.92773249444542
ibz,Ridgewood,fb,28,1895600.8182657757,243409.34944031204,12.840749333659787
ibz,Ridgewood,sd,32,1895600.8182657757,247798.0098011829,13.072267505554535
ibz,Ridgewood,sd,24,1895600.8182657757,1647802.8084645919,86.92773249444542
ibz,Ridgewood,cd,304,1895600.8182657757,247798.0098011829,13.072267505554535
ibz,Ridgewood,cd,405,1895600.8182657757,1647802.8084645919,86.92773249444542
ibz,Ridgewood,dsny,BKN04,1895600.8182657757,249816.84258864413,13.178768450690665
ibz,Ridgewood,dsny,QW05,1895600.8182657757,1645783.97567713,86.82123154930925
ibz,Ridgewood,hc,34,1895600.8182657757,247798.0098011829,13.072267505554535
ibz,Ridgewood,hc,46,1895600.8182657757,1647802.8084645919,86.92773249444542
ibz,Ridgewood,cc_upcoming,37,1895600.8182657757,247798.0098011829,13.072267505554535
ibz,Ridgewood,cc_upcoming,34,1895600.8182657757,1647802.8084645919,86.92773249444542
ibz,Ridgewood,cc,37,1895600.8182657757,247798.00540962748,13.07226727388364
ibz,Ridgewood,cc,34,1895600.8182657757,1512624.4947224727,79.79657321029879
ibz,Ridgewood,nycongress,7,1895600.8182657757,1895600.8182657736,99.99999999999989
ibz,Ridgewood,sa,54,1895600.8182657757,247798.0098011829,13.072267505554535
ibz,Ridgewood,sa,38,1895600.8182657757,1647802.8084645919,86.92773249444542
ibz,Ridgewood,ss,12,1895600.8182657757,1757560.7833428765,92.717874270112
ibz,Ridgewood,nta,Bushwick North,1895600.8182657757,247798.0098011829,13.072267505554535
ibz,Ridgewood,nta,Ridgewood,1895600.8182657757,1647802.8084645919,86.92773249444542
ibz,Ridgewood,zipcode,11237,1895600.8182657757,248566.78455744576,13.112823235898977
ibz,Ridgewood,zipcode,11385,1895600.8182657757,1646836.2112470304,86.8767408928251
ibz,Rossville,pp,123,25158854.156415876,20997225.188979685,83.45859099320342
ibz,Rossville,fb,23,25158854.156415876,20990844.0429928,83.43322757264694
ibz,Rossville,sd,31,25158854.156415876,20997225.188979685,83.45859099320342
ibz,Rossville,cd,503,25158854.156415876,20997225.188979685,83.45859099320342
ibz,Rossville,dsny,SI03,25158854.156415876,21022738.48143142,83.55999979462624
ibz,Rossville,hc,51,25158854.156415876,20997225.188979685,83.45859099320342
ibz,Rossville,cc_upcoming,51,25158854.156415876,20997225.188979685,83.45859099320342
ibz,Rossville,cc,51,25158854.156415876,20997225.188979685,83.45859099320342
ibz,Rossville,nycongress,11,25158854.156415876,20997225.188979685,83.45859099320342
ibz,Rossville,sa,62,25158854.156415876,20997225.188979685,83.45859099320342
ibz,Rossville,ss,24,25158854.156415876,20997225.188979685,83.45859099320342
ibz,Rossville,nta,Charleston-Richmond Valley-Tottenville,25158854.156415876,20990544.058028787,83.43203520926605
ibz,Rossville,zipcode,10309,25158854.156415876,21512677.28082809,85.50738100821671
ibz,Astoria,pp,114,63772687.244812354,23043425.518864043,36.1336906353096
ibz,Astoria,pp,115,63772687.244812354,29458201.995221626,46.19250539362826
ibz,Astoria,fb,49,63772687.244812354,52489637.57438663,82.30739497127972
ibz,Astoria,sd,30,63772687.244812354,52490198.46932554,82.30827449347511
ibz,Astoria,cd,401,63772687.244812354,20990565.96397371,32.914664366258464
ibz,Astoria,cd,480,63772687.244812354,31407048.5729939,49.2484320951188
ibz,Astoria,dsny,QW01,63772687.244812354,21053740.583169855,33.01372655404683
ibz,Astoria,hc,42,63772687.244812354,31523129.421567935,49.430454922741575
ibz,Astoria,hc,43,63772687.244812354,13945.116867702065,0.02186691116554202
ibz,Astoria,hc,41,63772687.244812354,20964552.97498687,32.87387419399086
ibz,Astoria,cc_upcoming,22,63772687.244812354,22987132.393526454,36.045419107529234
ibz,Astoria,cc_upcoming,21,63772687.244812354,29500550.00302835,46.2589100092032
ibz,Astoria,cc_upcoming,19,63772687.244812354,13945.116867702065,0.02186691116554202
ibz,Astoria,cc,22,63772687.244812354,22997195.42912997,36.06119864582106
ibz,Astoria,cc,21,63772687.244812354,29493190.43298172,46.24736969254948
ibz,Astoria,cc,19,63772687.244812354,13945.116867702069,0.021866911165542027
ibz,Astoria,nycongress,14,63772687.244812354,52501627.51342252,82.32619602789799
ibz,Astoria,sa,27,63772687.244812354,13945.116867702065,0.02186691116554202
ibz,Astoria,sa,35,63772687.244812354,29510588.704796,46.27465139035139
ibz,Astoria,sa,34,63772687.244812354,22976929.131595314,36.02941968462273
ibz,Astoria,ss,11,63772687.244812354,52493755.49061334,82.31385214974377
ibz,Astoria,nta,Airport,63772687.244812354,29953309.908474986,46.96886896656776
ibz,Astoria,nta,Steinway,63772687.244812354,22430359.511624932,35.17236058364398
ibz,Astoria,nta,College Point,63772687.244812354,13945.116867702083,0.02186691116554205
ibz,Astoria,zipcode,11105,63772687.244812354,21716548.94251195,34.05305606637817
ibz,Astoria,zipcode,11370,63772687.244812354,1344690.7720251589,2.1085684642127793
ibz,Astoria,zipcode,11371,63772687.244812354,29303209.851436354,45.94946695431915
ibz,Jamaica,pp,102,15662663.091874734,5134210.811880819,32.77993519853131
ibz,Jamaica,pp,103,15662663.091874734,10493739.721443878,66.9984386428364
ibz,Jamaica,fb,54,15662663.091874734,638972.3749969823,4.079589602667632
ibz,Jamaica,fb,50,15662663.091874734,15019688.973128762,95.89486082300063
ibz,Jamaica,sd,27,15662663.091874734,740443.2674601328,4.727441707178456
ibz,Jamaica,sd,29,15662663.091874734,8390952.461928854,53.57296146069693
ibz,Jamaica,sd,28,15662663.091874734,6531267.362485754,41.699596832124655
ibz,Jamaica,bid,180th Street BID,15662663.091874734,1601465.9891294187,10.224736238885237
ibz,Jamaica,cd,412,15662663.091874734,10528452.279993918,67.22006480146871
ibz,Jamaica,cd,409,15662663.091874734,5134210.811880819,32.77993519853131
ibz,Jamaica,dsny,QW09,15662663.091874734,5134210.811880819,32.77993519853131
ibz,Jamaica,dsny,QE12,15662663.091874734,10528452.279993918,67.22006480146871
ibz,Jamaica,hc,45,15662663.091874734,5134210.811880819,32.77993519853131
ibz,Jamaica,hc,44,15662663.091874734,10528452.279993918,67.22006480146871
ibz,Jamaica,cc_upcoming,28,15662663.091874734,1483036.113358366,9.468607634979492
ibz,Jamaica,cc_upcoming,27,15662663.091874734,9043429.051088199,57.73877020811121
ibz,Jamaica,cc_upcoming,29,15662663.091874734,5134210.811880819,32.77993519853131
ibz,Jamaica,cc,28,15662663.091874734,2080507.0283828736,13.2832265891116
ibz,Jamaica,cc,27,15662663.091874734,9042682.73222402,57.73400525300873
ibz,Jamaica,cc,29,15662663.091874734,4539473.331267844,28.982768157879686
ibz,Jamaica,nycongress,5,15662663.091874734,15662663.091874735,100.00000000000003
ibz,Jamaica,sa,29,15662663.091874734,8577364.465225874,54.763129455778966
ibz,Jamaica,sa,32,15662663.091874734,1802273.0543227526,11.506811094326046
ibz,Jamaica,sa,24,15662663.091874734,5134152.264744902,32.779561397884684
ibz,Jamaica,sa,33,15662663.091874734,148873.307581212,0.950498052010341
ibz,Jamaica,ss,14,15662663.091874734,8339512.770053712,53.244539074456455
ibz,Jamaica,ss,15,15662663.091874734,5134138.899377155,32.779476065220194
ibz,Jamaica,ss,11,15662663.091874734,2189011.4224438635,13.975984860323335
ibz,Jamaica,nta,St. Albans,15662663.091874734,348909.0081609597,2.227648044999206
ibz,Jamaica,nta,Richmond Hill,15662663.091874734,5134210.811880819,32.77993519853131
ibz,Jamaica,nta,South Jamaica,15662663.091874734,1973986.4446798163,12.60313417393147
ibz,Jamaica,nta,Jamaica,15662663.091874734,8204859.5256361365,52.38483058409488
ibz,Jamaica,zipcode,11418,15662663.091874734,5107928.682211164,32.61213404290735
ibz,Jamaica,zipcode,11435,15662663.091874734,383606.61636762536,2.4491787515153005
ibz,Jamaica,zipcode,11433,15662663.091874734,7989221.537264176,51.00806606386571
ibz,Jamaica,zipcode,11423,15662663.091874734,2155411.5914363284,13.76146303341278
ibz,Bathgate,pp,42,3180722.003620129,2274410.5886994,71.50611044004432
ibz,Bathgate,pp,48,3180722.003620129,752363.3770547672,23.653855200123342
ibz,Bathgate,fb,17,3180722.003620129,3180060.686647881,99.97920858938645
ibz,Bathgate,sd,9,3180722.003620129,3180722.0036201314,100.00000000000007
ibz,Bathgate,cd,203,3180722.003620129,2274410.6117677563,71.50611116529967
ibz,Bathgate,cd,206,3180722.003620129,752363.3539864108,23.65385447486799
ibz,Bathgate,dsny,BX03,3180722.003620129,2280393.2977663493,71.69420323973382
ibz,Bathgate,dsny,BX06,3180722.003620129,748562.5991189798,23.534361011965384
ibz,Bathgate,hc,25,3180722.003620129,3180722.0036201314,100.00000000000007
ibz,Bathgate,cc_upcoming,15,3180722.003620129,3180722.00362013,100.00000000000003
ibz,Bathgate,cc,16,3180722.003620129,1162777.0131214021,36.557014784630375
ibz,Bathgate,cc,15,3180722.003620129,2017944.9904987284,63.44298521536966
ibz,Bathgate,nycongress,15,3180722.003620129,3180722.0036201314,100.00000000000007
ibz,Bathgate,sa,79,3180722.003620129,2563539.9708429035,80.59616552233166
ibz,Bathgate,sa,86,3180722.003620129,617182.0327772265,19.40383447766836
ibz,Bathgate,ss,32,3180722.003620129,3180722.0036201314,100.00000000000007
ibz,Bathgate,nta,Mount Hope,3180722.003620129,338892.8898898851,10.65459004289514
ibz,Bathgate,nta,Claremont-Bathgate,3180722.003620129,2841829.113730246,89.34540995710492
ibz,Bathgate,zipcode,10457,3180722.003620129,3180722.0036201314,100.00000000000007
ibz,Eastchester,pp,45,8399478.472817762,2394536.3107100753,28.508154624828553
ibz,Eastchester,pp,47,8399478.472817762,5990949.583318224,71.32525671333077
ibz,Eastchester,fb,15,8399478.472817762,8208193.651102061,97.7226583491495
ibz,Eastchester,sd,11,8399478.472817762,8317200.53218057,99.02043988917339
ibz,Eastchester,cd,210,8399478.472817762,2394536.3107100753,28.508154624828553
ibz,Eastchester,cd,212,8399478.472817762,5990949.52226654,71.32525598647989
ibz,Eastchester,dsny,BX10,8399478.472817762,2403372.6912177806,28.613356162475224
ibz,Eastchester,dsny,BX12,8399478.472817762,5972366.013609794,71.10401000416222
ibz,Eastchester,hc,24,8399478.472817762,8385485.832976619,99.83341061130848
ibz,Eastchester,cc_upcoming,13,8399478.472817762,1058510.8961225448,12.602102613252459
ibz,Eastchester,cc_upcoming,12,8399478.472817762,7326974.9368540775,87.23130799805607
ibz,Eastchester,cc,13,8399478.472817762,1049662.6353631536,12.496759635256554
ibz,Eastchester,cc,12,8399478.472817762,7326555.694438112,87.22631670702148
ibz,Eastchester,nycongress,14,8399478.472817762,8385485.832976619,99.83341061130848
ibz,Eastchester,sa,82,8399478.472817762,3433670.7855623304,40.87957123378925
ibz,Eastchester,sa,83,8399478.472817762,4951815.047414288,58.95383937751922
ibz,Eastchester,ss,34,8399478.472817762,1058510.8961225448,12.602102613252459
ibz,Eastchester,ss,36,8399478.472817762,7326974.9368540775,87.23130799805607
ibz,Eastchester,nta,Co-op City,8399478.472817762,4305180.9293649485,51.255336188994306
ibz,Eastchester,nta,Eastchester-Edenwald-Baychester,8399478.472817762,4080304.9036116693,48.57807442231416
ibz,Eastchester,zipcode,10475,8399478.472817762,6058178.288404772,72.12564813410901
ibz,Eastchester,zipcode,10466,8399478.472817762,2211801.1260174005,26.332600686759193
ibz,JFK,pp,106,219213511.17689928,5250573.225273107,2.3951868646618406
ibz,JFK,pp,113,219213511.17689928,191424179.0022332,87.32316633884814
ibz,JFK,pp,105,219213511.17689928,10043813.037300441,4.581749082608033
ibz,JFK,fb,54,219213511.17689928,206707681.0434817,94.29513716272456
ibz,JFK,sd,27,219213511.17689928,197575301.951438,90.12916260987224
ibz,JFK,sd,29,219213511.17689928,9141621.30741526,4.17019063210854
ibz,JFK,bid,Greater JFK,219213511.17689928,7166242.553756415,3.269069737208604
ibz,JFK,cd,410,219213511.17689928,5256115.674044882,2.39771519822213
ibz,JFK,cd,483,219213511.17689928,187943049.19232586,85.73515755635198
ibz,JFK,cd,412,219213511.17689928,317758.2318749075,0.14495376227904372
ibz,JFK,cd,413,219213511.17689928,13201642.494764036,6.022275918983238
ibz,JFK,dsny,QE10,219213511.17689928,5231122.45640327,2.386313885635406
ibz,JFK,dsny,QE12,219213511.17689928,317758.2318749075,0.14495376227904372
ibz,JFK,dsny,QE13,219213511.17689928,13165208.67218843,6.005655674008372
ibz,JFK,hc,45,219213511.17689928,199207605.04698187,90.87378053364002
ibz,JFK,hc,44,219213511.17689928,7510959.927516916,3.426321620046393
ibz,JFK,cc_upcoming,31,219213511.17689928,204189583.74007466,93.14644094875123
ibz,JFK,cc_upcoming,28,219213511.17689928,2522224.8924200158,1.150579122098295
ibz,JFK,cc,32,219213511.17689928,816539.200141848,0.3724857996927585
ibz,JFK,cc,28,219213511.17689928,82353812.90238209,37.56785449046743
ibz,JFK,cc,31,219213511.17689928,123574857.29211801,56.37191641549708
ibz,JFK,nycongress,5,219213511.17689928,206718565.59300902,94.30010243583608
ibz,JFK,sa,31,219213511.17689928,206370302.33787674,94.14123300609039
ibz,JFK,sa,32,219213511.17689928,317758.2318749075,0.14495376227904372
ibz,JFK,ss,10,219213511.17689928,206718565.59300902,94.30010243583608
ibz,JFK,nta,South Ozone Park,219213511.17689928,3361496.0846023504,1.5334347169366378
ibz,JFK,nta,Rosedale,219213511.17689928,3321408.9769520713,1.5151479300341963
ibz,JFK,nta,Springfield Gardens South-Brookville,219213511.17689928,9791784.687931241,4.466779732399587
ibz,JFK,nta,Springfield Gardens North,219213511.17689928,317758.2318749075,0.14495376227904372
ibz,JFK,nta,park-cemetery-etc-Queens,219213511.17689928,5694.705407443723,0.002597789423138363
ibz,JFK,nta,Airport,219213511.17689928,189913665.94572714,86.63410613977713
ibz,JFK,zipcode,11420,219213511.17689928,4718233.874126128,2.152346289603766
ibz,JFK,zipcode,11430,219213511.17689928,191329726.82505012,87.28007949776978
ibz,JFK,zipcode,11422,219213511.17689928,439488.8032183927,0.2004843592253478
ibz,JFK,zipcode,11413,219213511.17689928,3219274.2042431086,1.468556471250188
ibz,JFK,zipcode,11434,219213511.17689928,6605657.548777895,3.0133441653819006
ibz,Hunts Point,pp,41,41388519.96276465,37020376.75666014,89.44600287704337
ibz,Hunts Point,fb,3,41388519.96276465,32042883.19109662,77.41973672874538
ibz,Hunts Point,fb,26,41388519.96276465,4962247.531933105,11.989429765542258
ibz,Hunts Point,sd,8,41388519.96276465,37005130.72302968,89.40916649428755
ibz,Hunts Point,cd,202,41388519.96276465,37020537.53978821,89.44639134980879
ibz,Hunts Point,dsny,BX02,41388519.96276465,37043486.70189264,89.50183948403799
ibz,Hunts Point,hc,23,41388519.96276465,37022829.42973182,89.45192885138093
ibz,Hunts Point,cc_upcoming,17,41388519.96276465,37019815.037586726,89.4446456913457
ibz,Hunts Point,cc,17,41388519.96276465,37054425.964522235,89.52827015283079
ibz,Hunts Point,nycongress,14,41388519.96276465,37020537.53978821,89.44639134980879
ibz,Hunts Point,sa,85,41388519.96276465,1732697.7474896044,4.1864211357362695
ibz,Hunts Point,sa,84,41388519.96276465,35290131.682242185,85.26550771564456
ibz,Hunts Point,ss,29,41388519.96276465,36698799.90585636,88.66903174810935
ibz,Hunts Point,ss,32,41388519.96276465,324029.523875407,0.7828971032714422
ibz,Hunts Point,nta,Hunts Point,41388519.96276465,37020537.53978821,89.44639134980879
ibz,Hunts Point,zipcode,10474,41388519.96276465,34738631.91310976,83.93301317457717
ibz,Hunts Point,zipcode,10455,41388519.96276465,2088333.628867109,5.045683273395345
ibz,Greenpoint/Williamsburg,pp,94,2367045.51704644,2367045.517046439,99.99999999999996
ibz,Greenpoint/Williamsburg,fb,35,2367045.51704644,456678.3838798579,19.293181334750738
ibz,Greenpoint/Williamsburg,fb,28,2367045.51704644,1910367.133166582,80.70681866524926
ibz,Greenpoint/Williamsburg,sd,14,2367045.51704644,2367045.517046439,99.99999999999996
ibz,Greenpoint/Williamsburg,cd,301,2367045.51704644,2367045.517046439,99.99999999999996
ibz,Greenpoint/Williamsburg,dsny,BKN01,2367045.51704644,2367045.517046439,99.99999999999996
ibz,Greenpoint/Williamsburg,hc,30,2367045.51704644,2367045.517046439,99.99999999999996
ibz,Greenpoint/Williamsburg,cc_upcoming,33,2367045.51704644,2367045.517046439,99.99999999999996
ibz,Greenpoint/Williamsburg,cc,33,2367045.51704644,2367045.517046439,99.99999999999996
ibz,Greenpoint/Williamsburg,nycongress,7,2367045.51704644,2367045.517046439,99.99999999999996
ibz,Greenpoint/Williamsburg,sa,50,2367045.51704644,2367045.517046439,99.99999999999996
ibz,Greenpoint/Williamsburg,ss,59,2367045.51704644,2367045.517046439,99.99999999999996
ibz,Greenpoint/Williamsburg,nta,North Side-South Side,2367045.51704644,1068072.0330711296,45.12258109864538
ibz,Greenpoint/Williamsburg,nta,Greenpoint,2367045.51704644,1298973.483975309,54.87741890135457
ibz,Greenpoint/Williamsburg,zipcode,11249,2367045.51704644,1204587.5078594023,50.8899173752462
ibz,Greenpoint/Williamsburg,zipcode,11222,2367045.51704644,1162458.0091870357,49.11008262475372
ibz,Brooklyn Navy Yards,pp,88,13641247.671392586,9915700.45115651,72.68910212627385
ibz,Brooklyn Navy Yards,fb,31,13641247.671392586,9935756.68948849,72.83612854801413
ibz,Brooklyn Navy Yards,sd,13,13641247.671392586,4659965.634243621,34.1608461813662
ibz,Brooklyn Navy Yards,sd,14,13641247.671392586,5275688.763146417,38.67453249316923
ibz,Brooklyn Navy Yards,cd,302,13641247.671392586,9937568.95878876,72.84941376461549
ibz,Brooklyn Navy Yards,dsny,BKN02,13641247.671392586,9936207.455414586,72.8394329812812
ibz,Brooklyn Navy Yards,hc,36,13641247.671392586,9937568.95878876,72.84941376461549
ibz,Brooklyn Navy Yards,cc_upcoming,33,13641247.671392586,9933313.088787645,72.8182152254229
ibz,Brooklyn Navy Yards,cc,33,13641247.671392586,9919463.46270877,72.71668766421662
ibz,Brooklyn Navy Yards,nycongress,7,13641247.671392586,9918475.76596014,72.70944714800855
ibz,Brooklyn Navy Yards,sa,52,13641247.671392586,9937251.999971766,72.84709023215989
ibz,Brooklyn Navy Yards,ss,25,13641247.671392586,9914274.751295889,72.67865073725896
ibz,Brooklyn Navy Yards,nta,park-cemetery-etc-Brooklyn,13641247.671392586,9911510.05817304,72.65838357996186
ibz,Brooklyn Navy Yards,zipcode,11251,13641247.671392586,10004532.606876649,73.34030469850212
ibz,Brooklyn Navy Yards,zipcode,11249,13641247.671392586,136370.876887569,0.9996950438306014
ibz,Southwest Brooklyn,pp,78,62835887.78318709,4475634.013566198,7.122735384927173
ibz,Southwest Brooklyn,pp,72,62835887.78318709,26227029.231288362,41.73893320610629
ibz,Southwest Brooklyn,pp,76,62835887.78318709,16234759.806160927,25.836763637649817
ibz,Southwest Brooklyn,fb,48,62835887.78318709,7683335.954429877,12.227623775987608
ibz,Southwest Brooklyn,fb,40,62835887.78318709,22673531.365901552,36.08372884638113
ibz,Southwest Brooklyn,fb,32,62835887.78318709,16001998.054518549,25.466335591108148
ibz,Southwest Brooklyn,sd,20,62835887.78318709,6539059.724076108,10.406568530771606
ibz,Southwest Brooklyn,sd,15,62835887.78318709,40249953.00088102,64.05567649455674
ibz,Southwest Brooklyn,cd,307,62835887.78318709,26000387.453857284,41.37824477561399
ibz,Southwest Brooklyn,cd,306,62835887.78318709,20695095.627624787,32.9351527570239
ibz,Southwest Brooklyn,dsny,BKS07,62835887.78318709,26056533.292473845,41.46759791535205
ibz,Southwest Brooklyn,dsny,BKS06,62835887.78318709,20690530.499077853,32.927887595811114
ibz,Southwest Brooklyn,hc,39,62835887.78318709,26086340.122754026,41.5150339130466
ibz,Southwest Brooklyn,hc,38,62835887.78318709,19706781.362646136,31.36230275068868
ibz,Southwest Brooklyn,hc,15,62835887.78318709,1113691.727828966,1.7723816231764211
ibz,Southwest Brooklyn,cc_upcoming,38,62835887.78318709,40690877.445104055,64.75738448306232
ibz,Southwest Brooklyn,cc_upcoming,39,62835887.78318709,5072428.136928739,8.072501743638865
ibz,Southwest Brooklyn,cc_upcoming,1,62835887.78318709,1113691.727828966,1.7723816231764211
ibz,Southwest Brooklyn,cc,39,62835887.78318709,7517266.814736328,11.9633335024634
ibz,Southwest Brooklyn,cc,38,62835887.78318709,38284734.008138046,60.92813415836203
ibz,Southwest Brooklyn,cc,1,62835887.78318709,1113691.729694747,1.7723816261457133
ibz,Southwest Brooklyn,nycongress,10,62835887.78318709,46944245.56891103,74.70928990593787
ibz,Southwest Brooklyn,sa,51,62835887.78318709,40494141.460370235,64.44428954372981
ibz,Southwest Brooklyn,sa,61,62835887.78318709,1245198.2656080255,1.9816673393786302
ibz,Southwest Brooklyn,sa,52,62835887.78318709,5181889.798119045,8.246704201902842
ibz,Southwest Brooklyn,ss,26,62835887.78318709,46944245.56891103,74.70928990593787
ibz,Southwest Brooklyn,nta,Sunset Park West,62835887.78318709,26086340.122754026,41.5150339130466
ibz,Southwest Brooklyn,nta,Carroll Gardens-Columbia Street-Red Hook,62835887.78318709,15039266.13542697,23.934198538452105
ibz,Southwest Brooklyn,nta,Park Slope-Gowanus,62835887.78318709,4663362.557034238,7.421495456744398
ibz,Southwest Brooklyn,nta,park-cemetery-etc-Manhattan,62835887.78318709,1113691.727828966,1.7723816231764211
ibz,Southwest Brooklyn,zipcode,11220,62835887.78318709,8707691.804750558,13.857832063734227
ibz,Southwest Brooklyn,zipcode,11215,62835887.78318709,4819584.082920017,7.670113772482715
ibz,Southwest Brooklyn,zipcode,11232,62835887.78318709,17647098.886907108,28.08442676547799
ibz,Southwest Brooklyn,zipcode,11231,62835887.78318709,13974888.494293492,22.240297682294756
ibz,Southwest Brooklyn,zipcode,11201,62835887.78318709,1324856.9327387398,2.1084399050907177
ibz,East New York,pp,75,6951239.761064148,4143243.885846206,59.60438753751068
ibz,East New York,pp,73,6951239.761064148,2807947.514174826,40.394916744246565
ibz,East New York,fb,39,6951239.761064148,581634.7670494816,8.367352976477402
ibz,East New York,fb,44,6951239.761064148,6369465.329480908,91.63063782029326
ibz,East New York,sd,19,6951239.761064148,5166496.417689243,74.32481967645894
ibz,East New York,sd,23,6951239.761064148,1784743.3433749,25.675180323540996
ibz,East New York,bid,East Brooklyn?BID,6951239.761064148,5067806.412144262,72.90507285521173
ibz,East New York,cd,305,6951239.761064148,4143243.885846206,59.60438753751068
ibz,East New York,cd,316,6951239.761064148,2807958.4023916055,40.39507338129483
ibz,East New York,dsny,BKN05,6951239.761064148,4142069.642424208,59.58749496205134
ibz,East New York,dsny,BKN16,6951239.761064148,2808819.9644740843,40.40746774707839
ibz,East New York,hc,33,6951239.761064148,6643451.318392162,95.57217916153611
ibz,East New York,hc,34,6951239.761064148,307788.44267198583,4.42782083846389
ibz,East New York,cc_upcoming,42,6951239.761064148,1863934.347080152,26.814416005624974
ibz,East New York,cc_upcoming,37,6951239.761064148,5086874.816358555,73.1793894500888
ibz,East New York,cc,42,6951239.761064148,3329768.7177399416,47.901796401714044
ibz,East New York,cc,37,6951239.761064148,3621040.445698768,52.092009053999774
ibz,East New York,nycongress,8,6951239.761064148,6951239.761064145,99.99999999999996
ibz,East New York,sa,60,6951239.761064148,901093.4099027275,12.963060416215328
ibz,East New York,sa,55,6951239.761064148,6050146.351161421,87.03693958378469
ibz,East New York,ss,25,6951239.761064148,2215547.881451208,31.87270123900942
ibz,East New York,ss,19,6951239.761064148,4735691.8796129385,68.12729876099056
ibz,East New York,nta,East New York,6951239.761064148,307788.44267198583,4.42782083846389
ibz,East New York,nta,East New York (Pennsylvania Ave),6951239.761064148,4167139.871055375,59.94815334088604
ibz,East New York,nta,Brownsville,6951239.761064148,2476311.4473367874,35.62402582065008
ibz,East New York,zipcode,11207,6951239.761064148,4840754.288653533,69.63871848828984
ibz,East New York,zipcode,11212,6951239.761064148,2110325.048337365,30.35897366334406
ibz,Flatlands/Fairfield,pp,69,30155976.255324576,9260349.289421221,30.708172771512054
ibz,Flatlands/Fairfield,pp,75,30155976.255324576,9678900.779947871,32.0961281372507
ibz,Flatlands/Fairfield,pp,63,30155976.255324576,3200683.5331357475,10.613761948995466
ibz,Flatlands/Fairfield,pp,67,30155976.255324576,6537813.954656074,21.679994370939013
ibz,Flatlands/Fairfield,pp,73,30155976.255324576,1478228.698163671,4.901942771302797
ibz,Flatlands/Fairfield,fb,41,30155976.255324576,3463873.2645175536,11.486523384915934
ibz,Flatlands/Fairfield,fb,39,30155976.255324576,9044438.627010167,29.992193091123053
ibz,Flatlands/Fairfield,fb,58,30155976.255324576,17647664.363796853,58.521283523960996
ibz,Flatlands/Fairfield,sd,19,30155976.255324576,10664165.148238644,35.36335570086442
ibz,Flatlands/Fairfield,sd,18,30155976.255324576,16740380.284647545,55.51264579501628
ibz,Flatlands/Fairfield,sd,22,30155976.255324576,2751430.822438413,9.12399850411939
ibz,Flatlands/Fairfield,cd,305,30155976.255324576,9678900.780604502,32.096128139428146
ibz,Flatlands/Fairfield,cd,318,30155976.255324576,12462064.322552714,41.32535526967831
ibz,Flatlands/Fairfield,cd,317,30155976.255324576,6536782.454003708,21.67657381959081
ibz,Flatlands/Fairfield,cd,316,30155976.255324576,1478228.698163671,4.901942771302797
ibz,Flatlands/Fairfield,dsny,BKS18,30155976.255324576,12502514.005686428,41.45949015157115
ibz,Flatlands/Fairfield,dsny,BKN17,30155976.255324576,6511110.574859915,21.59144349939678
ibz,Flatlands/Fairfield,dsny,BKN05,30155976.255324576,9672557.513561964,32.07509328057022
ibz,Flatlands/Fairfield,dsny,BKN16,30155976.255324576,1469794.1612162832,4.873973068461893
ibz,Flatlands/Fairfield,hc,35,30155976.255324576,7302463.013399734,24.215641210124492
ibz,Flatlands/Fairfield,hc,33,30155976.255324576,22853513.241924852,75.78435878987554
ibz,Flatlands/Fairfield,cc_upcoming,45,30155976.255324576,7395883.686822526,24.52543278388028
ibz,Flatlands/Fairfield,cc_upcoming,42,30155976.255324576,22759070.389644943,75.47117757670479
ibz,Flatlands/Fairfield,cc,45,30155976.255324576,10767602.860732075,35.70636470053216
ibz,Flatlands/Fairfield,cc,42,30155976.255324576,18999488.54608807,63.00405725625736
ibz,Flatlands/Fairfield,cc,46,30155976.255324576,388884.8485044328,1.289578043210484
ibz,Flatlands/Fairfield,nycongress,9,30155976.255324576,13117647.686375767,43.49933020012779
ibz,Flatlands/Fairfield,nycongress,8,30155976.255324576,17038328.568948798,56.500669799872185
ibz,Flatlands/Fairfield,sa,58,30155976.255324576,12358604.704795286,40.982273630133776
ibz,Flatlands/Fairfield,sa,59,30155976.255324576,333079.41658697766,1.1045220813508452
ibz,Flatlands/Fairfield,sa,41,30155976.255324576,3802489.4904294284,12.609406036914594
ibz,Flatlands/Fairfield,sa,60,30155976.255324576,13661802.643512892,45.30379825160081
ibz,Flatlands/Fairfield,ss,19,30155976.255324576,22855745.571386166,75.79176140036446
ibz,Flatlands/Fairfield,ss,21,30155976.255324576,7300230.6839384055,24.208238599635518
ibz,Flatlands/Fairfield,nta,Canarsie,30155976.255324576,5691870.048761831,18.874766316865067
ibz,Flatlands/Fairfield,nta,Flatlands,30155976.255324576,3244850.8539548726,10.760224860509817
ibz,Flatlands/Fairfield,nta,East Flatbush-Farragut,30155976.255324576,3290813.0422829385,10.91263971831085
ibz,Flatlands/Fairfield,nta,Rugby-Remsen Village,30155976.255324576,1242941.7162733313,4.121709427509805
ibz,Flatlands/Fairfield,nta,East New York,30155976.255324576,16534825.422782153,54.83100690485069
ibz,Flatlands/Fairfield,nta,Brownsville,30155976.255324576,150675.1712694646,0.49965277195381863
ibz,Flatlands/Fairfield,zipcode,11210,30155976.255324576,1153514.5019857476,3.825160532755341
ibz,Flatlands/Fairfield,zipcode,11208,30155976.255324576,5512710.940755161,18.28065818224603
ibz,Flatlands/Fairfield,zipcode,11234,30155976.255324576,3072401.725253362,10.188367636451083
ibz,Flatlands/Fairfield,zipcode,11236,30155976.255324576,13181968.556259103,43.71262414007104
ibz,Flatlands/Fairfield,zipcode,11203,30155976.255324576,3077110.987317488,10.20398398401766
ibz,Flatlands/Fairfield,zipcode,11207,30155976.255324576,4158269.543753712,13.78920552445884
ibz,Woodside,pp,108,1249376.597214297,1249376.5972142965,99.99999999999997
ibz,Woodside,fb,49,1249376.597214297,1142376.1886623881,91.43569610712376
ibz,Woodside,sd,30,1249376.597214297,1249376.5972142965,99.99999999999997
ibz,Woodside,cd,402,1249376.597214297,1249376.5972142965,99.99999999999997
ibz,Woodside,dsny,QW02,1249376.597214297,1249376.5972142965,99.99999999999997
ibz,Woodside,hc,42,1249376.597214297,1249376.5972142965,99.99999999999997
ibz,Woodside,cc_upcoming,26,1249376.597214297,1249375.6797059404,99.99992656270666
ibz,Woodside,cc,26,1249376.597214297,1249376.5972142965,99.99999999999997
ibz,Woodside,nycongress,6,1249376.597214297,711617.4197425086,56.957799700201186
ibz,Woodside,nycongress,7,1249376.597214297,537759.1774717874,43.04220029979874
ibz,Woodside,sa,30,1249376.597214297,1249376.597214297,100.0
ibz,Woodside,ss,12,1249376.597214297,1249376.5972142965,99.99999999999997
ibz,Woodside,nta,Woodside,1249376.597214297,1249376.5972142965,99.99999999999997
ibz,Woodside,zipcode,11377,1249376.597214297,1249376.5972142965,99.99999999999997
ibz,Long Island City,pp,108,30609493.71050797,23718854.36110442,77.48855497391631
ibz,Long Island City,pp,114,30609493.71050797,6797458.541358049,22.207027027776487
ibz,Long Island City,fb,45,30609493.71050797,30264524.050205536,98.87299782360004
ibz,Long Island City,sd,24,30609493.71050797,9291590.044995707,30.35525557159407
ibz,Long Island City,sd,30,30609493.71050797,21224722.857466742,69.34032643009866
ibz,Long Island City,bid,Long Island City,30609493.71050797,568821.7511532765,1.8583180647578141
ibz,Long Island City,bid,Sunnyside Shines,30609493.71050797,309160.1890896442,1.0100140564674291
ibz,Long Island City,cd,402,30609493.71050797,23718854.36110442,77.48855497391631
ibz,Long Island City,cd,401,30609493.71050797,6797458.541358049,22.207027027776487
ibz,Long Island City,dsny,QW02,30609493.71050797,23713107.118563373,77.46977896084205
ibz,Long Island City,dsny,QW01,30609493.71050797,6797168.433768088,22.206079257804515
ibz,Long Island City,hc,41,30609493.71050797,30516312.90246247,99.6955820016928
ibz,Long Island City,cc_upcoming,26,30609493.71050797,30516312.160524826,99.69557957781198
ibz,Long Island City,cc,26,30609493.71050797,30516312.788557492,99.69558162956974
ibz,Long Island City,nycongress,7,30609493.71050797,30516312.788557492,99.69558162956974
ibz,Long Island City,sa,37,30609493.71050797,20053958.519158415,65.51548584507971
ibz,Long Island City,sa,36,30609493.71050797,10462354.383304048,34.18009615661305
ibz,Long Island City,ss,59,30609493.71050797,13428508.526448073,43.87040391275137
ibz,Long Island City,ss,12,30609493.71050797,17087804.376014385,55.825178088941385
ibz,Long Island City,nta,Hunters Point-Sunnyside-West Maspeth,30609493.71050797,23760484.7135127,77.62455968148187
ibz,Long Island City,nta,Queensbridge-Ravenswood-Long Island City,30609493.71050797,6340788.157342365,20.71510302428043
ibz,Long Island City,nta,Astoria,30609493.71050797,415040.03160740575,1.355919295930485
ibz,Long Island City,zipcode,11101,30609493.71050797,28703365.100131575,93.77275355024236
ibz,Long Island City,zipcode,11106,30609493.71050797,1617201.652822024,5.2833335569573725
ibz,Maspeth,pp,104,32953281.724408925,15625265.64494968,47.41641750774656
ibz,Maspeth,pp,108,32953281.724408925,17050600.987179562,51.741738895006506
ibz,Maspeth,fb,46,32953281.724408925,9361565.502675848,28.40859851521742
ibz,Maspeth,fb,45,32953281.724408925,23327820.521872997,70.79058382398915
ibz,Maspeth,sd,24,32953281.724408925,32687694.140082423,99.19404814807935
ibz,Maspeth,cd,405,32953281.724408925,15378597.957837734,46.6678799594233
ibz,Maspeth,cd,402,32953281.724408925,17310788.0261972,52.53130225683979
ibz,Maspeth,dsny,QW05,32953281.724408925,15388399.041721119,46.69762232003355
ibz,Maspeth,dsny,QW02,32953281.724408925,17287489.111226447,52.46059938977604
ibz,Maspeth,hc,46,32953281.724408925,9572903.08461946,29.0499233571893
ibz,Maspeth,hc,41,32953281.724408925,23116482.899415474,70.1492588590738
ibz,Maspeth,cc_upcoming,30,32953281.724408925,12502196.738808468,37.93915532712461
ibz,Maspeth,cc_upcoming,34,32953281.724408925,1904757.61032404,5.780175784171327
ibz,Maspeth,cc_upcoming,26,32953281.724408925,18288032.935022186,55.49684880542869
ibz,Maspeth,cc,30,32953281.724408925,28399762.05047184,86.18189316615397
ibz,Maspeth,cc,34,32953281.724408925,1904757.61032404,5.780175784171327
ibz,Maspeth,cc,26,32953281.724408925,2390467.663872749,7.254111089342882
ibz,Maspeth,nycongress,6,32953281.724408925,2288075.7184840525,6.943392581107469
ibz,Maspeth,nycongress,7,32953281.724408925,30406911.565670557,92.2727873356169
ibz,Maspeth,sa,37,32953281.724408925,32689008.92074612,99.1980379803355
ibz,Maspeth,ss,18,32953281.724408925,589193.0875826079,1.7879648300587463
ibz,Maspeth,ss,12,32953281.724408925,32105794.19657205,97.42821508666577
ibz,Maspeth,nta,park-cemetery-etc-Queens,32953281.724408925,712945.7346440292,2.1635045049729933
ibz,Maspeth,nta,Ridgewood,32953281.724408925,2578910.441234142,7.825959377283839
ibz,Maspeth,nta,Elmhurst-Maspeth,32953281.724408925,1647816.1620992213,5.0004614893291865
ibz,Maspeth,nta,Maspeth,32953281.724408925,6993992.643385323,21.223963979905474
ibz,Maspeth,nta,Hunters Point-Sunnyside-West Maspeth,32953281.724408925,20755721.00267222,62.985292864771615
ibz,Maspeth,zipcode,11385,32953281.724408925,1904951.4389200986,5.780763976259992
ibz,Maspeth,zipcode,11378,32953281.724408925,27199330.199514877,82.53906371749305
ibz,Maspeth,zipcode,11377,32953281.724408925,1766391.9571502975,5.360291493644798
ibz,Maspeth,zipcode,11101,32953281.724408925,1872385.4443840967,5.681939237624387
ibz,Staten Island West Shore,pp,123,90027073.75814119,668605.2652316728,0.7426713291024973
ibz,Staten Island West Shore,pp,121,90027073.75814119,85599660.05282603,95.08213082965524
ibz,Staten Island West Shore,fb,22,90027073.75814119,85602498.776031,95.085284018009
ibz,Staten Island West Shore,sd,31,90027073.75814119,84920905.40872905,94.32818580427269
ibz,Staten Island West Shore,bid,West Shore BID,90027073.75814119,7710019.482342447,8.56411206150664
ibz,Staten Island West Shore,cd,502,90027073.75814119,65065510.44381057,72.2732703926486
ibz,Staten Island West Shore,cd,501,90027073.75814119,21187762.527738594,23.534878612915676
ibz,Staten Island West Shore,dsny,SI02,90027073.75814119,65668378.08818105,72.94292188658706
ibz,Staten Island West Shore,dsny,SI01,90027073.75814119,20711408.892066546,23.005755965930863
ibz,Staten Island West Shore,hc,51,90027073.75814119,86268265.31805769,95.82480215875773
ibz,Staten Island West Shore,cc_upcoming,50,90027073.75814119,64966155.31915738,72.16290900856083
ibz,Staten Island West Shore,cc_upcoming,49,90027073.75814119,21301565.935277812,23.661288816856054
ibz,Staten Island West Shore,cc,50,90027073.75814119,65348815.17572342,72.5879587636979
ibz,Staten Island West Shore,cc,49,90027073.75814119,21000209.895479925,23.326549468771184
ibz,Staten Island West Shore,nycongress,11,90027073.75814119,86268265.31805769,95.82480215875773
ibz,Staten Island West Shore,sa,62,90027073.75814119,17161689.33301483,19.06280923794093
ibz,Staten Island West Shore,sa,63,90027073.75814119,69106575.98504287,76.76199292081681
ibz,Staten Island West Shore,ss,24,90027073.75814119,65089667.49381456,72.30010348740062
ibz,Staten Island West Shore,ss,23,90027073.75814119,21178597.824243084,23.524698671357065
ibz,Staten Island West Shore,nta,New Springville-Bloomfield-Travis,90027073.75814119,65080502.79031895,72.28992354584189
ibz,Staten Island West Shore,nta,Mariner's Harbor-Arlington-Port Ivory-Graniteville,90027073.75814119,21187762.527738594,23.534878612915676
ibz,Staten Island West Shore,zipcode,10314,90027073.75814119,64763290.89929256,71.9375718834091
ibz,Staten Island West Shore,zipcode,10303,90027073.75814119,21364814.038815327,23.731543353516248
ibz,Staten Island North Shore,pp,121,12200329.435843144,4525421.3120853845,37.09261570257459
ibz,Staten Island North Shore,pp,120,12200329.435843144,2278370.75904135,18.674665885232265
ibz,Staten Island North Shore,fb,22,12200329.435843144,6299721.156899672,51.63566434847101
ibz,Staten Island North Shore,sd,31,12200329.435843144,6803792.071126735,55.76728158780687
ibz,Staten Island North Shore,cd,501,12200329.435843144,6803792.071126735,55.76728158780687
ibz,Staten Island North Shore,dsny,SI01,12200329.435843144,6896562.674400169,56.52767583585795
ibz,Staten Island North Shore,hc,51,12200329.435843144,6803792.071126735,55.76728158780687
ibz,Staten Island North Shore,cc_upcoming,49,12200329.435843144,6803792.071126735,55.76728158780687
ibz,Staten Island North Shore,cc,49,12200329.435843144,6803806.562529556,55.76740036658984
ibz,Staten Island North Shore,nycongress,11,12200329.435843144,6803792.071126735,55.76728158780687
ibz,Staten Island North Shore,sa,63,12200329.435843144,1607348.4247625272,13.17463133446483
ibz,Staten Island North Shore,sa,61,12200329.435843144,5196443.646364208,42.59265025334204
ibz,Staten Island North Shore,ss,23,12200329.435843144,6803792.071126735,55.76728158780687
ibz,Staten Island North Shore,nta,Port Richmond,12200329.435843144,1219848.0525590903,9.998484540715099
ibz,Staten Island North Shore,nta,Mariner's Harbor-Arlington-Port Ivory-Graniteville,12200329.435843144,3409522.569531569,27.946151679435715
ibz,Staten Island North Shore,nta,West New Brighton-New Brighton-St. George,12200329.435843144,2174421.4490360743,17.82264536765604
ibz,Staten Island North Shore,zipcode,10303,12200329.435843144,3550448.0354798003,29.10124725852892
ibz,Staten Island North Shore,zipcode,10310,12200329.435843144,2885845.5998790786,23.65383340716031
ibz,Port Morris,pp,40,16849865.47429276,15995990.017670501,94.93244941376544
ibz,Port Morris,fb,14,16849865.47429276,15995989.985204324,94.93244922108629
ibz,Port Morris,sd,7,16849865.47429276,15995989.985204324,94.93244922108629
ibz,Port Morris,cd,201,16849865.47429276,15995989.985204324,94.93244922108629
ibz,Port Morris,dsny,BX01,16849865.47429276,15976749.106799738,94.8182591200796
ibz,Port Morris,hc,23,16849865.47429276,15997093.099640321,94.93899594656419
ibz,Port Morris,cc_upcoming,8,16849865.47429276,15987842.098932825,94.88409342688765
ibz,Port Morris,cc_upcoming,17,16849865.47429276,9251.000707503183,0.05490251967659389
ibz,Port Morris,cc,8,16849865.47429276,6338183.564056136,37.615633037106896
ibz,Port Morris,cc,17,16849865.47429276,9658909.535584185,57.32336290945729
ibz,Port Morris,nycongress,14,16849865.47429276,9012.50694123406,0.053487115104771145
ibz,Port Morris,nycongress,15,16849865.47429276,15988080.592699096,94.88550883145946
ibz,Port Morris,sa,84,16849865.47429276,15997093.099640321,94.93899594656419
ibz,Port Morris,ss,29,16849865.47429276,15997093.099640321,94.93899594656419
ibz,Port Morris,nta,Mott Haven-Port Morris,16849865.47429276,15995989.985204324,94.93244922108629
ibz,Port Morris,zipcode,10451,16849865.47429276,1200544.3454216227,7.124949141304722
ibz,Port Morris,zipcode,10454,16849865.47429276,14415801.193375114,85.55439932365508
ibz,Port Morris,zipcode,10455,16849865.47429276,408029.6398875426,2.4215602226027197
